Standard Route Identifier,Annual Average Daily Traffic
12000606__,"83,507"
17000678__,721
00000070__,"4,937,988"
15240010__,"2,412"
00000031__,"1,580,991"
16081455__,"65,257"
04091983__,"1,516"
03000673__,"61,628"
07111792__,"20,948"
12000653__,"6,200"
12000693__,"19,479"
03000622__,"9,219"
05071036__,494
00000046__,"5,159,221"
14000608__,"20,239"
19171005__,37
05021004__,0
03091065__,"3,749"
01031188__,"22,018"
03241095__,
20000615__,"102,028"
09061553__,"8,613"
01211145__,"32,634"
08171016__,421
00000322B_,"44,750"
14000623__,"69,716"
17081110__,"1,383"
12102054__,"54,478"
11031014__,16
15000603__,"4,879"
11031983__,"9,389"
020001271_,"5,293"
13281019__,"1,022"
16000610__,"4,381"
00000536S_,"163,965"
09000635__,"15,121"
04000660__,"3,630"
01211002__,473
00000509S_,"71,020"
13312100__,"10,353"
00000295__,"6,763,490"
21000623__,"33,963"
06000703__,"1,007"
03071023__,472
12000656__,"49,276"
21000602__,"4,018"
07000616__,"6,669"
10000615__,"4,983"
21071023__,"6,877"
11000616__,"49,063"
17000601__,"13,698"
11000647__,"3,085"
04000702__,"23,064"
06000647__,"2,010"
00000033B_,"169,295"
08000639__,"168,522"
00000143__,"7,263"
06141032__,"10,090"
06141022__,"11,127"
04231057__,123
11031997__,"6,246"
04000686__,"33,519"
16111184__,"3,629"
16000641__,"18,074"
01071004__,192
13391282__,"6,005"
16000653__,"22,956"
06141030__,"85,613"
15062138__,"26,882"
01000666__,"38,373"
10071046__,"1,112"
01000655__,"25,305"
04000740__,"4,150"
04000720__,"32,604"
06000627__,"16,761"
07000649__,"93,120"
09000699__,"14,515"
12251872__,"9,291"
03000614__,"21,774"
04000658__,"19,562"
15000636__,"78,538"
04081613__,"14,542"
16000638__,"8,083"
08000625__,855
07000620__,"6,965"
09071160__,"22,853"
13000003__,"111,679"
11131322__,694
17000607__,"16,726"
04271004__,"1,043"
11011052__,"2,579"
13000040__,"17,381"
01000685__,"19,978"
02701058__,676
14000643__,"17,358"
21000677__,"7,227"
02000101__,"18,129"
16000692__,"43,270"
03191076__,385
04211058__,"5,209"
03041036__,"1,063"
05000658__,"1,815"
12000674__,"25,310"
14000667__,"3,733"
17051031__,177
04371001__,231
15000641__,"44,321"
17000639__,"2,074"
13051001__,"1,161"
10000633__,"7,303"
15000634__,"5,153"
02000081__,"40,379"
16141436__,330
11000644__,"27,956"
04000647__,"5,026"
13211015__,"1,010"
08000655__,"118,485"
00000524S_,"64,701"
07000606__,"8,008"
09000675__,"14,584"
12171603__,"27,971"
00000037__,"1,687,328"
08000621__,"80,354"
09061750__,"9,452"
20000610__,"54,737"
02461317__,"2,273"
18000621__,"27,560"
15330010__,"9,938"
21141014__,"1,401"
12000649__,"112,857"
00000526A_,"5,256"
04371002__,678
02151641__,"2,818"
04000684__,"3,758"
12081014__,449
04081623__,302
18051007__,
08051052__,"2,755"
11131418__,"24,814"
020000412_,"5,937"
11031999__,"11,943"
17000614__,"1,113"
14381102__,"43,256"
15071983__,307
04321055__,"1,355"
08111060__,"1,853"
05000601__,"25,893"
21221010__,850
01151101__,992
01000640__,"12,817"
04000681__,"10,669"
19000637__,"4,500"
07000618__,"7,649"
08051032__,"3,922"
000005611_,"2,570"
15141495__,"3,618"
18021148__,619
03031038__,"1,463"
05000614__,0
00000167__,909
05000626__,"92,293"
19131009__,995
19021014__,"6,393"
02000S801_,"15,214"
03351048__,20
00000322__,"2,355,352"
19000609__,"7,341"
04000747__,"4,188"
19081037__,"2,661"
04000718__,972
03131206__,"5,377"
04231059__,239
09061691__,"35,204"
12041093__,"11,033"
01000654__,"16,488"
09111120__,"4,632"
00000140__,"47,213"
03051142__,"24,336"
13321040__,"1,035"
08000608__,"18,124"
07141819__,"51,895"
18000651__,"63,907"
18000657__,"7,731"
03000636__,"67,914"
06000637__,"5,787"
11111562__,"37,903"
16000684__,"34,739"
21021009__,191
09061344__,0
07000628__,"8,126"
03000634__,"60,666"
05000613__,"43,920"
17000617__,775
13511002__,273
16111183__,612
19000639__,"6,484"
01000602__,"5,032"
020000592_,"16,220"
09061743__,"18,688"
10231006__,949
00000129__,"97,428"
03131740__,"7,025"
03021043__,436
06011092__,"1,152"
08000633__,"2,133"
01000634__,"86,860"
08000649__,"10,147"
04000604__,"4,131"
09061744__,0
11131041__,"36,157"
12000614__,"579,293"
11111548__,449
16000609__,"9,001"
01161002__,"1,836"
04031069__,"1,638"
02531180__,466
04091965__,"4,435"
11111556__,"54,526"
20000623__,"46,092"
120006573_,"90,657"
04181089__,419
03000686__,"93,049"
12000670__,"77,461"
06101256__,630
19191053__,"2,476"
03000605__,"11,316"
10071005__,421
13000012__,"22,752"
05051100__,"6,821"
06000697__,"2,354"
16000683__,"15,241"
17000643__,"5,248"
00000550__,"62,288"
21000624__,"6,046"
01191207__,"7,464"
09021056__,"6,333"
11021389__,"1,813"
04000690__,"2,602"
08000669__,257
14000633__,"15,224"
21000604__,"44,707"
13531050__,"5,056"
15161048__,"1,699"
16000646__,"15,744"
05000671__,"2,827"
00000050__,"423,947"
09000636__,"7,496"
10231005__,340
13301307__,
21031011__,"1,033"
01101020__,"4,245"
01111342__,"3,030"
19000605__,"23,634"
20131165__,377
20181175__,"1,707"
14121002__,"1,533"
08000660__,"46,111"
01221015__,283
06000690__,"16,530"
11031116__,"1,113"
20000619__,"34,569"
20191502__,"7,569"
10000623__,"8,112"
13000046__,"8,090"
20031361__,"7,859"
02000079__,"28,272"
07000668__,"11,144"
14000660__,"12,444"
04311046__,97
00000585__,"188,001"
04011025__,657
00000547__,"301,654"
14000632__,"28,264"
00000531Z_,"61,480"
21211060__,"2,857"
04151850__,"8,743"
09000638__,0
11111058__,873
00000009W_,"205,740"
020000561_,"161,924"
16000619__,"3,725"
01031031__,"1,081"
06000719__,479
03000630__,"256,330"
06101265__,0
06101007__,"18,133"
00000509Z_,"20,940"
04071029__,"4,036"
15111035__,932
16000705__,"36,499"
04371013__,226
05061142__,"2,297"
15000614__,"242,023"
17000609__,"2,100"
11111568__,"13,400"
00000120__,"67,775"
02000034__,"2,581"
08231007__,941
19000607__,"7,801"
12000672__,"8,184"
16000682__,370
05101001__,"4,586"
00000511__,"253,889"
10071028__,"1,299"
21221063__,510
11021013__,"1,752"
02071170__,590
20000606__,"34,594"
05051021__,460
13421102__,"13,019"
18011002__,"21,380"
19000659__,"1,173"
07141441__,"4,892"
04000707__,"13,893"
00000577__,"687,836"
21021011__,272
02000063__,"14,944"
10000645__,"2,523"
02000028__,"6,922"
09111113__,"26,168"
12141066__,0
21000649__,"5,120"
00000087__,"107,808"
05051466__,896
120006581_,"19,785"
13501038__,
02000S85__,"7,807"
09061681__,"15,332"
08000613__,"7,951"
06101003__,399
09061705__,"38,060"
06000706__,"4,224"
06000662__,"2,049"
04000609__,"9,519"
12041707__,"2,906"
00000163__,168
08000676__,"24,992"
020000741_,"12,579"
19000613__,"109,008"
13521307__,"13,656"
14000612__,"16,868"
04011077__,385
12051439__,
17000605__,"5,378"
21000609__,"1,510"
03000637__,"9,358"
11101041__,308
06141271__,35
15141496__,"6,332"
20000652__,"7,420"
02151630__,"8,813"
14191044__,"1,026"
11000653__,"29,913"
12000679__,"16,350"
13312103__,"5,679"
00000036__,"780,528"
19191046__,"5,699"
03321004__,"3,631"
10071133__,"2,009"
12131051__,"5,008"
01021380__,0
19000636__,"1,760"
03000681__,"2,331"
03000603__,"76,609"
10091009__,479
04000728__,644
02031261__,"11,799"
05071025__,951
06141414__,"3,078"
11031981__,"4,035"
12051007__,"20,133"
12111166__,"16,629"
03381053__,"1,185"
10101043__,"3,115"
02051081__,"14,131"
120006862_,"11,822"
01191213__,"5,156"
02151676__,
10000616__,"9,283"
12041282__,"16,797"
06000601__,"1,120"
06141270__,68
00000091__,"74,407"
02131252__,866
00000579__,"380,339"
15141490__,"9,606"
170006682_,"5,413"
00000517__,"588,177"
18061073__,693
12000661__,"13,154"
21000635__,"2,582"
02000053__,"16,418"
17081253__,"9,204"
05000654__,"52,120"
13000056__,"2,866"
160006941_,"8,302"
18000653__,"19,963"
20000618__,"10,721"
21091009__,582
03131136__,"16,545"
12252018__,"10,221"
05000625__,"16,251"
08151003__,"1,241"
21191187__,"3,914"
18000616__,"13,427"
18000622__,"4,312"
05051172__,876
04031056__,553
04071001__,"2,007"
06000649__,"7,550"
120006591_,266
17000658__,"21,604"
21191203__,"5,507"
07000644__,"9,430"
10211220__,576
11081021__,277
08051044__,"2,781"
14041173__,"15,177"
020000802_,"14,302"
08000642__,"31,523"
14000616__,"4,781"
01051094__,498
01000665__,"9,077"
07000671__,"4,716"
05091010__,409
130000112_,"23,427"
18051010__,
07101100__,"2,145"
19081007__,"3,260"
02000027__,"11,580"
00000413__,"53,803"
03000639__,"1,871"
02000090__,"50,336"
05000605__,"1,576"
16000698__,"14,225"
00000446__,"900,896"
15000632__,"91,866"
07121152__,376
02251010__,"1,743"
10211029__,810
11111565__,"6,044"
02371100__,"14,218"
00000206B_,"1,761"
00000047__,"1,778,309"
00000080E_,"58,228"
02381063__,"1,932"
03000661__,"2,358"
06000732__,535
02000068__,"9,844"
00000543__,"764,178"
200413862_,"23,383"
13161013__,"5,114"
08000656__,"49,310"
19000617__,"2,152"
02000094__,"31,386"
17011005__,168
15000635__,"43,666"
05031010__,177
01011051__,191
09000676__,"10,962"
12181013__,"2,501"
01141078__,674
20000607__,"71,854"
12111055__,"12,441"
06101139__,58
020000401_,"19,768"
05000638__,"1,833"
16000650__,"7,685"
06141019__,"5,856"
11071396__,"11,069"
05000634__,"9,302"
00000019__,"308,081"
09061704__,"13,192"
13000006A2,"9,662"
04041056__,714
01101009__,"2,649"
10000613__,"20,027"
14000669__,"6,534"
04000640__,"1,727"
21151089__,"1,225"
16141269__,"60,126"
020000411_,"80,543"
03291310__,157
11142241__,"33,730"
08111036__,"9,553"
11121137__,"2,179"
00000544__,"238,872"
00000551S_,"40,308"
04091976__,"1,395"
03000607__,"91,086"
11111150__,0
17071004__,"1,531"
11111534__,0
16021562__,"4,346"
03291185__,144
04201015__,231
00000534__,"1,504,770"
04311026__,141
01000610__,"2,647"
14000670__,"17,638"
16000686__,"5,347"
11000620__,"41,044"
01000692__,0
00000066__,"409,347"
18031001__,"11,500"
04071009__,"1,313"
07141904__,"13,947"
09000612__,"11,624"
11031505__,"8,348"
06000608__,"6,170"
16000643__,"1,207"
01000674__,"6,499"
04031020__,"2,060"
11111570__,259
10101017__,150
03000684__,"10,636"
04000607__,"7,968"
11121754__,"13,759"
14351163__,"8,034"
16000649__,"40,368"
11021214__,623
16000618__,"41,921"
04081585__,"34,463"
04271021__,"2,137"
13511019__,"64,927"
02081143__,"6,174"
13091007__,370
00000526__,"434,814"
10000605__,"2,117"
18000679__,"4,934"
120006572_,"19,521"
17000657__,"18,794"
08011069__,"1,552"
01111343__,"31,418"
21141010__,638
03141015__,"24,545"
10151002__,"2,477"
16141273__,593
04000627__,"6,135"
11071174__,"2,726"
09061561__,"33,738"
03000693__,333
06000639__,908
14351144__,"4,212"
01000624__,"2,263"
03000600__,"17,856"
21000637__,"12,452"
04341077__,419
19071009__,524
03000644__,"22,763"
06101549__,848
15000624__,"63,013"
08051094__,167
06141041__,959
12000651__,"5,438"
21000632__,"28,001"
10211032__,572
17000624__,"2,191"
20000636__,"13,050"
13531044__,"12,767"
14000610__,"14,253"
05121014__,419
04231026__,"2,055"
11021396__,"11,741"
00000152__,"48,351"
02201254__,"1,429"
18011014__,146
130000183_,"15,791"
02341037__,"2,008"
120006751_,"13,759"
01011260__,"5,895"
02000072__,"33,218"
19081008__,154
09061749__,"5,832"
09101109__,"16,594"
14321171__,495
00000548__,"3,561"
10191029__,"1,634"
00000545__,"93,190"
11131008__,"21,607"
16000697__,"8,474"
04000650__,"1,647"
15000612__,"5,077"
07000607__,"23,953"
14381064__,"10,007"
21081023__,"3,983"
11111543__,"7,559"
09111121__,"52,069"
13191078__,"5,779"
20041059__,"5,463"
17000646__,"6,064"
02000054__,"10,644"
16000687__,"7,284"
11031137__,"3,545"
16111180__,"2,288"
10091036__,"8,938"
18000640__,"14,640"
03000691__,"40,282"
05021041__,337
05000615__,"30,685"
15201214__,"1,750"
02000067__,"41,315"
03191007__,"4,267"
05000619__,"52,195"
06000615S_,"21,387"
02191164__,"13,940"
08101053__,"13,129"
20000637__,"49,142"
04151001__,"5,960"
04241546__,
12000617__,"223,972"
02601188__,337
04000680__,"1,509"
02000032__,"7,155"
04000643__,"8,561"
03000653__,"1,146"
08051054__,"2,985"
11041056__,"16,249"
04000641__,"20,540"
14381066__,"1,347"
06000721__,45
01000646__,"181,579"
15072500__,551
020000742_,"15,349"
08021170__,"31,535"
11111564__,"1,562"
12081001__,891
06000704__,"10,304"
16000675__,"10,287"
16000695__,"22,190"
11141011__,"1,049"
13000038__,"52,311"
16081003__,"3,570"
04031071__,"67,231"
04000713__,"10,996"
00000510__,"745,945"
10000627__,"3,734"
04151321__,"1,800"
14000602__,"54,695"
10081005__,"1,378"
13000028__,"3,229"
07000638__,"88,076"
14081243__,"3,387"
16000630__,"16,233"
05121022__,32
14291403__,"3,492"
07011129__,"6,710"
11011070__,"9,318"
12052040__,"20,655"
01031189__,"12,626"
14000607__,"14,009"
04000654__,"6,661"
10000618__,"5,300"
020001021_,"3,618"
16000629__,"5,546"
20000628__,"9,033"
12051143__,"6,772"
06000648__,636
14291036__,697
18101169__,471
07000608__,"18,431"
09000653__,"65,411"
06141386__,445
11072001__,"4,017"
06000628__,"35,465"
21191051__,0
02471103__,939
07071016__,"1,063"
19211016__,633
20091379__,"17,909"
11131424__,"76,578"
08231009__,630
20071039__,"1,745"
07000601__,"30,659"
00000565__,"50,323"
04000652__,"1,070"
15000604__,"29,555"
21211027__,"1,544"
04000696__,"5,766"
03000621__,"14,546"
12000608__,"28,007"
16000671__,"2,196"
21191191__,"1,412"
13161328__,"9,402"
09061719__,0
130000171_,"3,828"
02421016__,403
07000624__,"19,282"
21191018__,0
05081255__,"2,394"
01000647__,799
18000648__,"6,311"
21000679__,"3,382"
00000067__,"64,603"
00000561A_,"55,062"
06101141__,"1,116"
00000510Z_,0
17121098__,"3,801"
12081050__,693
16000677__,"15,608"
11000611__,"71,616"
05000623__,"138,025"
06101077__,378
130000064_,"2,719"
02000112__,"3,146"
01141003__,"1,084"
02421052__,"1,509"
12000807__,886
08000646__,"26,332"
12141231__,"23,005"
21000627__,"5,543"
04000624__,"3,800"
14000630__,"32,487"
15000616__,"10,526"
13501047__,
13341418__,"7,501"
02000029__,"20,995"
00000009__,"4,433,204"
21191159__,0
12041072__,289
06011180__,0
10101008__,496
12000680__,"85,199"
21000678__,"16,568"
20000658__,"3,442"
04000669__,"91,731"
09121045__,0
04081604__,"14,995"
12000687__,"27,888"
21000616__,"4,981"
18000671__,"2,048"
01111191__,"2,064"
07000641__,"13,843"
08000632__,"38,548"
08201198__,"15,328"
11021391__,"20,617"
13000029__,"14,445"
01131078__,490
04081630__,"9,418"
09061754__,"16,487"
14231563__,"5,504"
120006592_,"11,210"
18000613__,"20,107"
17000644__,890
05000618__,"22,132"
18081217__,"2,168"
02000S43__,"7,371"
15060054__,"8,865"
12000683__,"19,533"
03000655__,"4,224"
00000514__,"1,084,716"
11101020__,"3,977"
12000660__,"29,204"
12000682__,"31,650"
04000677__,"26,780"
13000051__,"122,995"
12000684__,"40,147"
20000605__,"5,721"
02000055__,"64,958"
03251019__,"1,105"
10081016__,909
15000637__,"18,609"
03111044__,340
13181066__,"17,578"
03191042__,"1,887"
01000652__,"1,535"
01081362__,"2,596"
00000003__,"2,053,888"
02461376__,"4,613"
02691069__,"3,334"
17091017__,24
17141019__,59
14301134__,"13,239"
01121060__,60
13231001__,"3,485"
16000667__,"5,037"
13000057__,"25,833"
02000078__,"11,130"
08000630__,"87,602"
07161030__,"2,251"
04351163__,"5,322"
15060044__,834
20041427__,"15,770"
01221309__,242
04371125__,"9,919"
07000621__,"11,114"
08000712__,"4,297"
06101001__,548
02000099__,"3,113"
08000622__,929
02231261__,"10,860"
07000648__,"14,676"
10211050__,"6,666"
04000668__,"6,381"
08141034__,795
11011057__,162
16000647__,"20,435"
18051002__,
00000017__,"3,333,596"
12141070__,
00000083__,"28,037"
13311836__,"20,345"
04000729__,"2,224"
00000522__,"182,914"
02000S25__,"22,728"
07000667__,"13,203"
01141092__,135
05071003__,"15,444"
03041034__,"7,123"
16141707__,928
06000654__,"2,784"
05000667__,"4,804"
03000625__,"5,008"
18181061__,"1,596"
09000697__,"100,542"
11111039__,0
13261174__,"5,866"
06000604__,500
01031002__,"4,200"
06101131__,"3,001"
09011166b_,"20,815"
16000666__,"7,960"
08000614__,"1,389"
11000625__,"6,243"
21151207__,"5,040"
06000658__,"9,071"
03191093__,"3,938"
21000617__,"3,642"
13000036__,"6,410"
14000656__,"5,886"
02000069__,"22,857"
020000922_,"5,686"
01000672__,"15,953"
13411009__,635
16000603__,"11,852"
21061018__,670
20000648__,"7,181"
06101334__,"2,751"
01021006__,854
00000029__,"1,247,980"
11031996__,"51,727"
02231198__,"2,341"
01021226__,0
16000659__,"35,605"
09051054__,"10,953"
16141715__,"3,236"
09061562__,"9,690"
16000637__,"1,609"
00000048__,"65,063"
11021398__,"31,612"
21141024__,651
02000S33__,"3,940"
03291153__,"1,411"
11131420__,"34,259"
12171355__,"5,562"
00000095M_,"1,925,964"
12000690__,"23,700"
17121097__,"14,072"
01191212__,"3,339"
19000633__,809
04321001__,616
14000631__,"109,923"
160006512_,"7,450"
13321029__,"4,955"
14241002__,853
12000622__,"112,502"
11000606__,"50,187"
08231043__,561
00000347__,"224,477"
07111127__,0
00000505Z_,
01041014__,"1,101"
12041392__,"1,543"
04081588__,"5,465"
02461101__,"5,754"
00000003E_,"168,515"
00000012__,"529,186"
19131005__,647
21191198__,"2,303"
03241001__,"29,522"
19231002__,139
04000642__,"4,135"
15000631__,"84,450"
03381015__,"1,057"
17000627__,505
19000644__,"15,561"
10231002__,524
13341314__,"1,764"
11111561__,"7,709"
150000711_,"3,080"
17000663__,343
04000632__,"2,596"
08000684__,"1,342"
01021363__,0
10000628__,"13,652"
03000679__,"9,739"
21011020__,257
08000602__,"6,939"
08151032__,182
19121262__,"12,681"
19000648__,"4,347"
13501037__,"1,638"
09000622__,"44,496"
04031055__,729
11061045__,732
01000617__,"36,043"
17071001__,"2,789"
03000601__,"1,995"
04031002__,"4,598"
08000689__,"114,014"
09061549__,"23,446"
00000495__,"815,396"
00000560__,"12,285"
02211174__,"13,651"
020000822_,"6,888"
19071016__,"1,279"
21191204__,0
02000031__,"6,636"
04321013__,234
08000628__,"2,112"
13011016__,"5,869"
04081551__,"22,429"
16000680__,"12,528"
09061693__,"5,388"
00000557__,"73,748"
16000621__,"50,790"
06141583__,"20,345"
20000616__,"43,030"
03000656__,"45,297"
13391232__,788
18000643__,"21,230"
14141225__,"3,978"
04000715__,"2,342"
16000620__,"5,437"
06141356__,
03021042__,0
11011009__,326
12141216__,"34,526"
11031884__,"6,561"
06000651__,86
00000559__,"129,016"
06000686__,"1,173"
03131180__,"3,155"
00000161__,"28,839"
13091052__,199
04081606__,944
12000676__,"15,798"
15250016__,"5,020"
13000015__,"38,495"
02211003__,"1,748"
15291003__,752
16121001__,"14,107"
12021001__,"4,830"
01000613__,"1,757"
05000616__,"1,796"
05000635__,"1,015"
09061564__,"10,516"
01000614__,"31,401"
15081031__,"1,165"
12000681__,"16,836"
05000633__,"23,394"
07141912__,"18,376"
21041016__,"11,681"
01000684__,"22,756"
17081063__,823
04061089__,"2,081"
21031028__,"4,936"
04311002__,164
00000005__,"73,101"
15061664__,"3,953"
21191179__,0
14151110__,"9,839"
06101008__,"14,913"
11131026__,"2,209"
16000625__,"11,878"
130000176_,"3,019"
12000669__,"35,311"
13161046__,"2,373"
00000542__,"90,456"
03000669__,"25,400"
19000604__,"6,313"
00000109__,"163,958"
06000674__,"34,238"
04081592__,498
10211318__,"1,010"
21151052__,187
16000627__,0
01161058__,"1,285"
04000727__,"9,535"
03041037__,550
11021397__,"2,802"
00000173Z_,"12,599"
00000501__,"363,287"
08000647__,"26,107"
04271398__,"1,032"
130000042_,"61,582"
21000655__,"14,540"
03131179__,"7,093"
15111404__,"18,984"
16021222__,"1,902"
08000627__,"6,612"
04151595__,"9,754"
05000612__,"21,052"
17000628__,146
06000661__,"3,910"
04201002__,"1,432"
17000604__,"23,812"
12000619__,"73,174"
10231008__,767
06000678__,"7,157"
19091003__,353
08000620__,"64,576"
00000072__,"705,366"
03000641__,"9,562"
15000047__,"6,226"
08000663__,"19,018"
03000664__,"6,600"
06101078__,"2,179"
01000669__,"7,896"
15000640__,"13,057"
03081229__,"4,774"
00000029_S,
02491107__,"12,905"
09000693__,"9,679"
18000617__,"58,496"
04301013__,267
06000668__,"6,954"
19000661__,"42,426"
07141925__,"15,443"
21000642__,"14,060"
10000607__,"5,838"
15331090__,418
06000670__,"111,298"
17000610__,"2,892"
10000629__,"56,446"
06000743__,"1,816"
21151090__,"2,540"
04091564__,"2,787"
05051218__,443
09061723__,"18,638"
05051339__,405
21191202__,"7,053"
020001272_,"24,591"
05061239__,"1,569"
02000070__,"34,604"
04201013__,371
05000610__,"19,460"
01191017__,0
04000692__,"19,297"
12000698__,"4,760"
04000661__,"1,433"
03341007__,"1,571"
11081010__,"1,737"
11000604__,"26,151"
11061010__,786
02000030__,"9,767"
09061686__,"18,290"
15000609__,"8,025"
03051137__,0
04031009__,842
06101036__,631
00000095__,"43,448"
16000662__,0
08011002__,"4,220"
19000606__,"2,794"
05051077__,"3,468"
16000602__,"40,042"
07101362__,363
07000650__,"3,729"
04000695__,"10,640"
17000647__,"1,494"
00000519__,"405,497"
19000667__,"2,886"
01191150__,583
16000611__,"23,987"
00000032__,"53,771"
03000646__,"6,749"
15051426__,"7,937"
12000616__,"28,792"
00000078__,"8,191,244"
03291094__,112
01000616__,"6,190"
20171002__,"1,876"
020000921_,"22,719"
19211006__,0
05081123__,"1,857"
12000611__,"27,340"
07000645__,"52,232"
12000695__,"14,565"
17000660__,"2,217"
05000639__,"12,636"
01141144__,"7,676"
04271596__,"1,819"
08000635__,"56,519"
10211013__,170
11000641__,"8,931"
04000656__,"19,026"
13000055__,"67,761"
01021364__,0
03000613__,"54,893"
16000623__,"11,887"
11111555__,"17,155"
02000076__,"29,661"
120006571_,"60,040"
03401015__,"2,931"
19000603__,"5,305"
160006943_,"3,137"
13000016__,"50,034"
11031016__,"2,233"
11000643__,"38,802"
01000643__,"3,866"
04271549__,"10,692"
130000181_,"32,811"
03061055__,"6,456"
05000617__,"5,475"
14241134__,"1,773"
00000055__,"1,999,858"
06141231__,265
14381011__,"5,690"
00000525__,"381,427"
05071002__,"2,044"
06000673__,"1,252"
15000613__,"6,600"
01151103__,579
01211013__,"1,864"
01021368__,"25,236"
14131010__,"3,587"
17000656__,366
17000667__,"2,882"
02000042__,"22,438"
11041057__,"14,445"
18000633__,"34,579"
05011003__,986
12051723__,703
17000665__,"1,196"
11011076__,"4,806"
00000446X_,"24,590"
15000639__,"40,584"
04081631__,0
11031979__,"3,668"
14121113__,242
05031008__,198
06000607__,"33,440"
02000039__,"198,169"
11142242__,"3,321"
06000671__,"5,860"
11071297__,"1,661"
01000608__,"35,310"
08141013__,969
04121127__,"6,479"
03121085__,"12,571"
08051078__,660
02000035__,"3,767"
12211073__,"6,506"
21000620__,"17,257"
03101253__,"15,820"
12000694__,"11,132"
04000646__,604
04000614__,"2,603"
040006123_,"6,362"
10211006__,433
13311587__,763
17000623__,"8,696"
00000503__,"336,195"
03221019__,"7,696"
19000653__,"2,375"
12000609__,"92,539"
03000616__,"249,135"
15140054__,"37,461"
07141928__,"13,214"
20091001__,"3,024"
04000706__,"119,515"
15000628__,"25,527"
20000631__,"12,099"
06091003__,378
11000638__,"77,805"
14000671__,"6,357"
02051030__,"9,250"
08000664__,"7,307"
06141346__,"1,962"
07000655__,"26,287"
03011029__,"3,322"
04000705__,"104,456"
11011010__,479
16000704__,"2,005"
13311291__,"2,044"
11000636__,"63,586"
20000632__,"23,596"
11111228__,0
11142145__,"4,652"
00000179__,"112,942"
11011020__,"5,351"
11011147__,"7,904"
14000680__,"15,195"
17000603__,"6,796"
03191233__,"11,369"
04321030__,"2,703"
13091024__,"5,690"
04000693__,"1,666"
11021395__,"10,262"
11131054__,"2,012"
01081413__,"5,954"
00000439__,"144,861"
21191184__,"2,965"
00000093__,"108,012"
07201127__,"4,939"
06000620__,"2,881"
04000704__,"52,143"
03000615__,"27,707"
08111126__,"10,765"
16000607__,"3,108"
00000583__,"104,011"
20031365__,"8,967"
00000527__,"1,340,034"
00000173__,"162,412"
16000601__,"100,761"
21191200__,"7,405"
05061033__,502
11131344__,"27,564"
04000687__,"52,106"
07000669__,"8,461"
12000671__,"19,939"
16000628__,"8,613"
11000623__,"2,730"
11111422__,"6,613"
18000638__,"2,942"
06141268__,285
00000284__,"34,719"
02371016__,459
15250010__,"2,835"
04000682__,"15,415"
00000001T_,"487,853"
04000710__,"24,449"
01191058__,"4,367"
00000506S_,"115,722"
13000001__,"10,245"
09000691__,"5,776"
00000028__,"372,341"
040007082_,"29,696"
09081265__,"7,325"
11111537__,0
07000605__,"16,036"
01211150__,"11,385"
16000648__,"19,735"
20000602__,"11,832"
02000044__,"7,772"
07000651__,"10,763"
09061713__,0
03000658__,"4,701"
06041027__,181
04311047__,458
00000156__,"5,592"
11000608__,"14,585"
15000620__,"108,047"
15161105__,"5,465"
200413861_,"8,495"
05051530__,"1,213"
00000090__,"98,599"
01000631__,"4,127"
00000138__,"282,860"
03241035__,"2,329"
12000607__,"18,553"
00000004__,"2,509,285"
00000552S_,"42,365"
04031091__,"4,361"
03181015__,"7,358"
05051154__,774
04000703__,"36,628"
21191186__,"9,216"
02000050__,"9,793"
00000001__,"9,976,178"
14000620__,"1,489"
06011183__,"11,699"
07000652__,"13,020"
01041008__,149
09000690__,"11,755"
02641087__,"1,403"
16041135__,"3,286"
18000625__,"25,320"
17091022__,395
03000604__,"10,096"
01221307__,"13,534"
08000638__,"3,552"
11131073__,"12,795"
07000656__,"7,590"
16141702__,"48,166"
18101063__,"12,788"
03000665__,"7,009"
12021032__,"7,627"
12131012__,684
07131363__,"11,853"
13000010__,"37,815"
16000673__,"102,592"
12000663__,"31,273"
01011262__,"14,209"
04091972__,807
06000617__,"18,528"
01041038__,"4,111"
15121223__,"4,047"
02191630__,0
03381024__,"1,647"
14000601__,"39,477"
05000637__,"2,352"
20000617__,"29,052"
00000021__,"1,450,433"
02301100__,"1,241"
17131025__,170
13000021__,"7,194"
03131268__,"19,372"
01000633__,"10,243"
00000524A_,"21,052"
11112004__,"21,001"
21061013__,690
11061012__,"1,089"
21081049__,"1,639"
21191025__,595
06000659__,"24,429"
09061692__,"4,698"
19000621__,"9,644"
02000057__,"65,312"
19000641__,"7,035"
03000663__,"1,534"
08000634__,"14,016"
20000622__,"591,384"
04000638__,0
00000502__,"285,818"
17000630__,"11,277"
18000603__,"37,014"
18000626__,"21,426"
19000665__,470
14000650__,"60,870"
11071395__,"9,351"
11000631__,"2,334"
17000613__,"4,386"
18000619__,"41,116"
200413971_,"17,252"
13321035__,"1,232"
11111566__,"2,703"
15121139__,"1,836"
04000744__,"1,955"
02000120__,"18,765"
14221353__,"3,821"
11011033__,107
14000638__,"17,932"
11141245__,"13,561"
20000633__,"22,395"
02071159__,"1,287"
14141233__,"6,043"
01161121__,"3,759"
05051171__,174
12000655__,"21,634"
02000061__,"56,175"
11031036__,"8,792"
14000603__,"23,291"
18081045__,"5,210"
08000650__,"34,361"
12000701__,"59,966"
12171606__,"5,852"
00000094__,"418,788"
01111119__,"2,912"
19000628__,"5,275"
05081279__,"34,127"
10071013__,400
07000631__,"11,585"
00000516Z_,"40,005"
14000662__,"6,441"
19000631__,"5,844"
04091980__,508
21000620S_,"10,248"
02151649__,"243,336"
10000626__,"10,824"
04000743__,897
00000505__,"402,210"
07111787__,"26,492"
01000619__,"8,361"
11000619__,"16,269"
06000656__,"1,662"
11000634__,"129,988"
00000056__,"300,542"
20000626__,"10,319"
05000657__,"77,874"
03000668__,"2,935"
09011002__,"1,553"
03000648__,"6,604"
04301103__,"1,725"
01131075__,"1,691"
04000723__,"170,378"
01000662__,"78,726"
06141018__,"4,596"
06011224__,"4,098"
07000625__,"6,378"
11000630__,"11,139"
05000608__,"4,629"
21000615__,"2,675"
01000671__,"8,537"
08000619__,"10,331"
08000657__,"4,209"
03291116__,"1,613"
05000651__,"2,975"
10000602__,"5,978"
08000706__,"16,384"
01141146__,"2,554"
17000602__,"16,735"
01000601__,"22,923"
11091030__,"9,170"
05000603__,"128,822"
07000617__,"2,169"
04161067__,"2,258"
14000615__,"50,808"
01151002__,0
120006582_,"8,398"
00000071__,"433,516"
20000647__,"18,339"
01081235__,"7,646"
08000682__,"6,349"
00000079__,"426,104"
18101365__,"23,076"
12000702__,"3,148"
11081003__,"1,329"
160006942_,"11,061"
11051089__,"2,310"
04000653__,"5,478"
21201075__,"8,140"
11071391__,"24,948"
020000622_,"4,899"
10000614__,"8,830"
02691068__,"3,065"
08051045__,663
08000659__,"85,363"
14151112__,"4,787"
03000617__,"2,741"
09000679__,0
16000665__,"11,059"
09091116__,"43,988"
00000540__,"324,683"
03081136__,"16,925"
07111185__,469
01021171__,436
16000679__,"3,213"
00000020__,"483,683"
06000626__,"21,981"
01221002__,66
00000042__,"2,571,958"
02000085__,"38,944"
06000710__,659
15000605__,690
03081230__,"16,996"
11000605__,"18,310"
14000609__,"27,780"
03000667__,"46,750"
07111061__,"1,031"
19000626__,"4,409"
04161080__,641
14161047__,"3,645"
13191125__,"2,981"
14000657__,"6,323"
17081089__,"1,121"
17081079__,"2,071"
21021041__,715
01081361__,"8,227"
04091988__,"1,270"
16000608__,"7,200"
02151677__,
15000622__,"19,649"
02000131__,"2,022"
00000165__,"18,696"
02401043__,"9,857"
17000651__,"1,657"
11111541__,"2,872"
20201187__,"3,699"
06000629__,"2,562"
01021385__,"15,076"
20041150__,"10,631"
08061137__,"20,838"
14000640__,"5,206"
04000733__,"2,418"
03000611__,"28,657"
07000640__,"8,841"
04000603__,"46,636"
06000657__,296
11000613__,"80,106"
11000626__,"29,781"
06011057__,354
16000605__,"3,067"
09061726__,"20,423"
02000048__,"15,339"
04000673__,"512,584"
02191627__,0
11131141__,"23,071"
16000612__,"10,959"
06141020__,"13,446"
20121095__,"2,192"
12181005__,"10,019"
09061680__,"10,092"
130000252_,"12,265"
02231250__,
19000616__,"93,204"
00000073__,"1,647,526"
06000667__,"23,345"
03331032__,960
08071069__,983
19071001__,"1,156"
020001051_,"2,435"
04341001__,
19191052__,"1,812"
11112008__,"1,168"
03000680__,"30,055"
15291036__,971
18000637__,"17,833"
05000629__,"2,884"
21191195__,0
00000561__,"880,594"
15230010__,"7,927"
17131045__,"3,192"
03061019__,"18,347"
10000639__,"24,184"
02521115__,"8,237"
04000685__,"13,717"
01161013__,0
20000656__,"9,661"
20000651__,"16,553"
20000638__,"31,036"
02000S692_,"2,676"
00000537__,"1,339,454"
21151086__,"11,637"
19091009__,125
04000759__,"29,969"
07051095__,"1,121"
18000629__,"2,451"
20000611__,"97,456"
14000663__,"20,307"
04161177__,"2,022"
06000611__,"20,082"
11011148__,"21,983"
01151102__,"8,523"
11041013__,839
11071390__,"10,299"
10000625__,"22,005"
06141202__,"5,943"
05000660__,769
03000619__,"12,223"
03000645__,"17,625"
00000676__,"1,054,548"
02191628__,
14000661__,"46,293"
20000640__,"2,593"
21191196__,"2,620"
05000652__,663
12052169__,"19,315"
03000618__,"92,125"
00000549S2,"95,512"
11000618__,"44,360"
00000195__,"1,912,347"
11111549__,"10,030"
120006022_,"17,657"
19011005__,394
01000615__,"49,051"
09061699__,"31,646"
00000185__,"12,787"
13000054__,"22,561"
01031018__,208
07000637__,"6,433"
13312101__,"21,335"
05071001__,"5,097"
03121001__,"5,482"
00000024__,"1,513,117"
00000015__,"1,106,369"
20000643__,"7,976"
14000611__,"13,121"
11031969__,"55,202"
130000172_,"19,951"
01000630__,"6,853"
00000068__,"145,092"
21000621__,"3,267"
04151880__,"18,850"
15140040__,"16,318"
20000609__,"6,039"
03291339__,103
03000628__,"25,904"
11031991__,"11,848"
10211099__,"1,505"
01161015__,"4,180"
04201025__,662
14361030__,404
04000700__,"4,227"
06141021__,"12,212"
11000645__,"31,889"
13091141__,"15,872"
13000048__,"25,577"
19111129__,"1,354"
02000322__,"12,312"
03000609__,"2,319"
11000614__,"9,510"
08000653__,"84,941"
15061125__,759
08000617__,"1,568"
21000630__,745
20000608__,"25,681"
21031038__,75
12000615__,"103,765"
18031094__,917
04000623__,"24,282"
120006032_,"11,163"
15070020__,"20,976"
08141001__,768
11000640__,"14,620"
01181013__,238
04000662__,"8,211"
02291080__,"11,460"
21000608__,"5,017"
17051027__,292
06000609S_,0
14381092__,"4,767"
02151632__,"6,233"
14000605__,"5,701"
13000050__,"52,474"
00000539__,"346,712"
04081614__,0
02000S30__,"9,184"
04141119__,184
05000631__,"70,682"
06000655__,"92,729"
11031989__,"11,918"
04091987__,"4,355"
01151013__,221
07041011__,493
08051136__,"1,225"
14000624__,"21,300"
19041134__,353
03201012__,"4,868"
12221253__,"6,452"
17081193__,506
01121027__,"1,302"
06141442__,"1,120"
07000609__,"21,413"
04301002__,131
07000635__,"10,731"
04000633__,604
13000013A_,"61,057"
21201034__,
04081587__,"31,282"
04000683__,"31,386"
12000603__,"42,312"
04321011__,135
020000801_,"108,488"
03071015__,379
05071040__,239
03221193__,255
04000701__,"1,771"
13000039__,"4,046"
01221025__,589
14000613__,"30,266"
07000630__,"27,249"
13391160__,
03000666__,"4,820"
18000675__,"4,837"
21031001__,"14,924"
04311071__,86
13000049__,"10,197"
13391231__,"1,195"
05000662__,"1,208"
11021106__,421
11111013__,"2,660"
14000647__,"9,012"
11031994__,"6,778"
19000602__,"7,777"
20000604__,"16,550"
06011020__,101
130000113_,"9,908"
08000667__,"57,743"
11061028__,589
17101015__,159
19171030__,708
11111559__,"3,001"
18000632__,"13,602"
18000627__,"5,757"
16151062__,"30,526"
10000612__,"9,278"
16000622__,"49,912"
05071013__,"6,939"
18000636__,"18,674"
09061684__,"16,482"
21000667__,"11,099"
04181085__,"1,407"
16000678__,"10,763"
02271193__,"1,899"
04121129__,"3,193"
18000624__,"10,039"
04000608__,"18,299"
21000641__,"1,340"
01021382__,"13,107"
00000018__,"4,020,756"
06000672__,"36,596"
03000624__,"3,641"
16141506__,"10,169"
21081003__,"1,688"
08181198__,"5,377"
12091402__,"35,581"
12181014__,331
07131070__,629
00000445__,"269,799"
03000626__,"69,148"
04000676__,"7,910"
06141581__,"3,611"
07141821__,"35,656"
00000524__,"533,675"
04271545__,
21000612__,"13,757"
14381075__,734
18000646__,"6,866"
00000059__,"12,489"
17051035__,135
00000575__,"239,778"
14351025__,836
00000049__,"1,016,236"
09101252__,
09061728__,"32,983"
11031986__,"155,889"
14000699__,"46,546"
03000674__,"69,869"
05000647__,"4,161"
04000610__,"9,492"
06000699__,"1,186"
01131128__,"4,891"
10221002__,714
12101193__,"4,122"
00000532__,"110,053"
03000683__,"6,857"
08000671__,"6,611"
16000681__,"38,049"
020000821_,"41,592"
07000642__,"8,730"
03211016__,460
11111563__,"16,254"
13091146__,"1,081"
19191045__,"10,718"
09061715__,"14,005"
02000S29__,
05000648__,"26,389"
07111829__,"6,308"
150000712_,"1,999"
14071014__,"10,255"
12171598__,"62,619"
09061722__,"15,077"
14271228__,100
10191066__,"5,671"
04341962__,"10,686"
14000694__,"56,338"
16000685__,"5,722"
08000610__,"268,209"
00000063__,"134,856"
06000616__,"6,198"
04000629__,"9,527"
06000636__,"1,785"
03191019__,564
14141040__,"12,900"
18111035__,"2,220"
04000670__,"108,219"
14101016__,"8,861"
21031033__,154
11142030__,"31,763"
08000601__,"7,160"
160006242_,"4,551"
01121291__,"8,383"
21151002__,96
05061031__,"13,269"
12000612__,"75,291"
00000076C_,"22,294"
07000665__,"10,488"
01000687__,"23,835"
13151076__,"3,420"
00000130__,"3,731,599"
07000622__,"18,607"
17000634__,"8,319"
11011249__,"2,348"
04000675__,"87,684"
12131033__,"172,351"
04000722__,"4,426"
16000614__,"28,014"
11011077__,"4,581"
12051625__,"4,216"
05081276__,"8,743"
00000081__,"181,495"
13161327__,"33,275"
15291008__,695
08000673__,"13,486"
08000618__,"19,768"
03331030__,"1,753"
18000642__,"6,877"
04341076__,"2,787"
07141791__,0
01181015__,"1,115"
00000537S_,
00000206__,"4,702,803"
19131002__,320
17000642__,"1,865"
00000538__,"104,356"
03021016__,169
04000667__,"30,321"
06000606__,"18,938"
03381284__,"8,298"
12021002__,"4,380"
00000183__,"92,375"
20000663__,"8,696"
11031233__,407
14171176__,"11,199"
00000551__,"338,904"
04041152__,"8,541"
01131301__,"1,138"
20000645__,"14,413"
12221294__,"3,349"
19000638__,"8,296"
04301084__,248
21000646__,"38,983"
04081107__,439
20171022__,391
06000644__,866
06000609__,"10,566"
17000675__,"16,174"
18000610__,"7,136"
12051412__,"3,988"
13511032__,959
01211026__,582
09061748__,"4,449"
14341260__,"5,718"
19000663__,"5,369"
10000641__,"7,005"
07101390__,"7,744"
13261531__,"27,153"
06141383__,855
11131244__,220
02201230__,806
13511001__,"2,706"
00000120_S,
04231016__,645
12000689__,"48,489"
07000658__,"28,096"
20000629__,"13,745"
04000634__,"25,732"
10000609__,"7,337"
04000664__,"1,211"
01000635__,"8,463"
00000553__,"614,365"
01000682__,"3,723"
14271084__,459
11121043__,"2,838"
05071043__,"1,815"
14281038__,"1,026"
040006121_,"6,708"
06000676__,430
07000660__,"16,873"
01021231__,"3,967"
19000620__,"14,430"
07000623__,"29,759"
07101229__,"1,067"
13000034__,"24,949"
11101245__,"22,010"
03381002__,"1,780"
14000621__,"59,272"
16000654__,"9,465"
04000716__,"13,787"
07000654__,"12,104"
00000511A_,"92,451"
16131413__,"3,505"
04000621__,"6,397"
19141018__,473
15160008__,"4,745"
00000541T_,"8,279"
08151004__,583
01141057__,343
00000088__,"280,370"
14121020__,730
06000665__,"7,878"
00000546__,"94,693"
18061036__,"12,161"
00000508S_,"31,197"
00000513__,"344,631"
19221100__,"14,690"
08000605__,"26,071"
01131129__,"7,220"
07000604__,"10,295"
00000010__,"659,566"
19091001__,"5,246"
08000651__,"70,206"
14000628__,"9,183"
01191124__,925
00000571__,"1,459,695"
01191211__,"5,881"
02031262__,"7,985"
040006282_,"21,621"
09061725__,"10,462"
00000154__,"71,481"
00000555__,"438,293"
13161067__,687
04301056__,"2,672"
08000661__,"10,566"
00000549__,"864,853"
02000084__,"63,347"
020001102_,"21,691"
06000621__,"54,327"
19000610__,"5,839"
19000612__,"1,603"
00000175__,"16,886"
21000628__,"14,029"
00000504__,"238,169"
08000678__,"64,649"
03000642__,"6,700"
11021388__,"3,707"
130000173_,"31,782"
00000045__,"814,443"
07221107__,"1,500"
15000626__,"18,795"
11000632__,"6,655"
02000089__,"11,795"
00000026__,"71,243"
00000184__,"123,567"
020001052_,"12,954"
00000080__,"13,181,794"
07221446__,"8,072"
11011146__,"8,283"
00000549S1,"20,194"
020000511_,"12,724"
11111542__,"23,358"
08201257__,"13,219"
01081001__,"12,516"
05000620__,"9,565"
07141454__,"13,034"
11000637__,"10,921"
03171010__,"3,356"
04000655__,"3,039"
18000601__,"354,273"
03000608__,"44,638"
00000171__,"100,613"
01021367__,0
21000613__,"3,776"
11142062__,"4,606"
11031987__,"13,411"
09061700__,"15,961"
05021007__,"2,673"
06000650__,"12,539"
06000615N_,"3,787"
07141907__,0
08000654__,"130,796"
04000637__,0
04000600__,0
02000S91__,"17,947"
11000629__,"43,120"
04091964__,"24,174"
18000683__,"4,986"
08051139__,981
02151187__,"1,814"
00000541__,"1,087,489"
04000649__,"4,516"
04000601__,"8,803"
11101244__,"3,996"
12031037__,850
11031980__,"12,435"
00000159__,"2,589"
21041034__,981
01221013__,0
02000106__,"8,851"
02000S321_,"10,873"
06141265__,"3,205"
15061532__,513
00000187__,"11,327"
18101372__,"11,625"
04361089__,435
020001241_,"15,699"
06000660__,898
21000625__,"19,864"
10131028__,"4,699"
12000652__,"13,999"
20041015__,"31,888"
08071101__,"3,462"
12091217__,624
04141090__,362
05051128__,112
08000607__,"24,423"
10071004__,"1,421"
06000687__,"2,593"
03000635__,"95,347"
14311094__,"1,676"
07000672__,"11,020"
00000280__,"2,510,767"
14381077__,631
01021017__,"7,845"
02000075__,"289,397"
07101232__,705
04061032__,"3,207"
07221065__,249
16021629__,725
08111037__,271
020000563_,"64,226"
08231039__,495
16000615__,595
04000719__,534
14000659__,"8,219"
16121072__,610
06000692__,"2,486"
07151073__,"1,205"
17000672__,"13,833"
19011007__,839
21201059__,120
01000638__,"136,187"
21031016__,579
00000567__,"113,806"
11101243__,"6,271"
12000688__,"11,785"
02000119__,"6,556"
21191194__,"11,187"
03000623__,"34,424"
01000629__,"89,184"
00000062__,"18,271"
04000657__,"2,884"
05081100__,"1,893"
18000612__,"29,994"
13281069__,"4,101"
00000057__,"573,881"
02061148__,"3,566"
16000700__,"9,965"
04121128__,"6,530"
03000643__,"4,472"
06101135__,599
15000621__,"20,311"
13421119__,"7,204"
17000620__,"74,204"
04081580__,"12,928"
06000669__,"9,593"
04081583__,"2,700"
14171155__,218
05000646__,"2,709"
15301177__,"1,136"
11111544__,"1,880"
00000027Z_,0
06141025__,"49,777"
01221058__,"1,018"
04351187__,"17,210"
20151020__,"2,422"
02191168__,"11,461"
19141008__,402
04091978__,"16,614"
020000923_,"5,889"
19121261__,"17,790"
15180022__,"2,938"
11021126__,"4,160"
02000104__,"13,140"
02000059__,"57,951"
02000060__,"36,834"
21000638__,"12,803"
05051417__,"4,435"
05000604__,"11,807"
18000623__,"11,981"
01141058__,199
19101016__,553
13181014__,704
06000635__,"4,300"
10081006__,497
00000440__,"1,570,730"
11011109__,307
13331006__,"1,300"
07000629__,"1,912"
00000202__,"2,415,848"
16000699__,"22,583"
11141009__,"2,488"
16151151__,"5,283"
09061708__,"5,547"
00000535__,"794,259"
16000696__,"29,354"
00000182__,"74,456"
03000672__,"4,268"
06141165__,"4,175"
01141147__,"2,212"
14191072__,"1,080"
130000251_,"22,612"
07211009__,"4,211"
14271239__,"1,118"
02061030__,893
02231234__,"7,754"
00000523__,"596,590"
14000635__,"9,826"
06141029__,"195,204"
08000623__,"2,592"
06011028__,836
15000638__,"61,178"
05000628__,"17,149"
14000644__,"15,044"
21151085__,"21,172"
02021002__,"1,236"
04151849__,"36,498"
01000697__,845
11031985__,"37,700"
01000663__,"9,135"
04000628__,"25,267"
06000615__,943
00000554__,"47,207"
13161329__,"72,908"
13481033__,863
16000644__,"18,102"
15070070__,"12,714"
02000109__,"11,927"
200413892_,"85,477"
10151046__,534
19000650__,"14,567"
08000637__,"5,205"
08000636__,"1,949"
21000647__,"6,238"
14000614__,"2,619"
18000665__,"21,059"
00000324__,86
16081095__,"2,506"
00000444__,
11111539__,"4,491"
12041144__,640
04000671__,"72,646"
19101006__,"2,217"
09000655__,"17,819"
10000751__,"4,543"
07141868__,0
06000698__,"23,886"
17000633__,363
06141233__,345
13000013__,"124,583"
20000646__,"2,189"
04000615__,"13,175"
12051175__,"7,268"
11000654__,"21,991"
16000631__,"38,263"
01021230__,0
02000071__,"11,012"
08141004__,"13,223"
19000671__,"2,405"
01121249__,"1,308"
12091173__,"13,782"
00000053__,"277,555"
18131056__,660
00000041__,"494,106"
16000691__,"4,228"
12000677__,"31,980"
01021099__,"1,479"
07141903__,0
03381052__,"1,121"
14011093__,"4,709"
07000610__,"5,943"
11031998__,"1,246"
19000651__,"1,866"
17000664__,387
21031010__,187
14000654__,"68,941"
14000637__,"7,965"
04000645__,"3,086"
14201077__,612
03000632__,"24,107"
19111019__,"1,498"
03000677__,"5,717"
05061057__,236
10211037__,"13,164"
09091118__,"15,320"
11131281__,87
18000634__,"15,838"
03291108__,963
10251010__,"2,329"
14000618__,"99,781"
00000168__,"484,798"
11000650__,"26,122"
03251008__,"1,528"
03000652__,"1,110"
01000658__,"2,785"
03131026__,"1,290"
02000077__,"12,805"
21000661__,"8,069"
16021703__,"4,815"
04121131__,"2,043"
03000629__,"35,264"
05081275__,"32,776"
03000654__,722
12000678__,"9,032"
17041028__,"6,508"
11142002__,"5,251"
08141033__,468
09101264__,"4,377"
03000633__,"23,531"
04000736__,"8,639"
21191085__,"1,519"
120006753_,"5,004"
03201337__,"1,688"
14271002__,"11,762"
19021002__,190
00000000__,"1,166"
04081537__,"24,294"
06101010__,"32,585"
06091002__,25
00000536__,"67,566"
04000698__,446
07000643__,"3,614"
01011027__,745
07141844__,"13,761"
03081232__,"10,478"
01081412__,"9,940"
16011001__,"2,489"
03381409__,"30,490"
08000665__,"12,613"
160006362_,"24,058"
15070042__,"1,047"
05081280__,"11,391"
04000721__,551
01021381__,"1,507"
18051018__,231
13341063__,768
04000689__,"127,979"
03000678__,"5,378"
04000712__,"14,542"
00000287__,"8,242,280"
17000648__,"5,972"
03291300__,893
16000689__,"74,058"
18000615__,"55,482"
14121047__,152
15000618__,"56,132"
06000622__,"23,604"
08000694__,"7,014"
01000678__,"27,170"
11121039__,"18,018"
06000722__,"10,045"
00000027__,"1,577,162"
11041059__,"7,662"
13311119__,"2,707"
00000022__,"4,990,123"
08000612__,"19,587"
04051105__,919
04351033__,184
16000613__,"2,553"
13371194__,"2,299"
21191185__,0
20000649__,"52,054"
02000036__,"20,880"
08000611__,"3,195"
13261022__,"3,453"
04000611__,"18,399"
04000619__,"1,258"
05000607__,"3,089"
21151053__,208
04000630__,"31,924"
11000649__,"108,272"
03201171__,"7,340"
20000620__,"9,497"
020000621_,"164,317"
09061721__,"33,210"
00000206Z_,"70,129"
13000023__,"20,854"
03000670__,"47,642"
14000651__,"15,824"
15061364__,"2,445"
06000623__,874
16081514__,"15,206"
04000755__,"1,784"
13000020__,"20,525"
02441058__,586
13311280__,132
09011166__,"15,462"
06000638__,"12,824"
04000725__,"2,297"
05000611__,"3,762"
01131307__,"3,066"
12151124__,"3,214"
19000618__,"13,080"
14000664__,"13,858"
15110034__,"10,252"
12211686__,971
02000117__,"8,325"
13161011__,"1,682"
00000133__,"137,060"
00000035__,"1,130,894"
02481194__,202
18000652__,"12,998"
01101002__,245
00000181__,"59,338"
08000615__,"28,131"
18000649__,"18,404"
01000618__,"1,100"
04000605__,"25,634"
12181041__,"11,602"
03000687__,"8,743"
06000610__,"85,466"
08000672__,746
02000126__,"16,170"
18000630__,"8,437"
01121012__,240
00000518__,"520,388"
21191178__,"1,259"
07141922__,"7,759"
02000097__,"4,571"
07011282__,"28,141"
15000602__,"3,099"
01151026__,857
17011037__,178
02331107__,382
11071394__,"24,561"
11011049__,"36,888"
01000686__,"4,283"
02271116__,628
00000533__,"718,145"
00000528__,"850,571"
00000122__,"54,344"
02000S70__,"17,622"
130000063_,"4,941"
17000616__,"11,980"
01021022__,"6,702"
17011040__,206
05051268__,269
14271237__,"5,097"
12000673__,"49,512"
21081045__,863
02000100__,"27,800"
18000608__,"15,559"
04000688__,"40,194"
04000709__,"3,084"
13031088__,"5,923"
15240012__,"1,651"
09011042__,"3,375"
12211682__,"11,730"
13000022__,"20,293"
21191188__,"43,546"
00000700__,
02701226__,"2,667"
04000724__,"8,779"
08151033__,71
14031064__,0
07141945__,"64,489"
10000604__,"5,260"
00000030__,"2,131,598"
02000134__,"8,665"
03361018__,127
04000753__,"20,636"
20000657__,"12,353"
07141070__,"3,823"
07000639__,"8,834"
21031007__,322
00000124__,"468,981"
12211089__,"5,844"
03000638__,"1,240"
14000649__,"3,080"
130000302_,"10,567"
19000619__,"20,340"
01161144__,0
11131422__,"15,184"
03041083__,"34,988"
16000693__,"23,814"
19000601__,"2,746"
02000S79__,"11,658"
09000659__,"45,433"
15000050__,"20,659"
200313632_,"22,404"
05000621__,"100,586"
20000612__,"8,399"
11000633__,"4,213"
12081016__,568
04000665__,"3,482"
17000618__,"5,482"
14351006__,652
20000650__,"6,495"
05071044__,"1,739"
03000620__,"101,557"
08000604__,"5,236"
05051108__,"4,362"
21021016__,80
15000617__,"7,300"
15000607__,"49,352"
16000645__,"3,917"
00000529__,"246,029"
14000636__,"9,127"
13312102__,"7,673"
13521414__,"11,842"
18021053__,627
19091017__,"2,005"
17000635__,"15,303"
00000082__,"333,949"
17121017__,420
02361001__,"1,853"
00000034__,"1,316,302"
08061055__,"2,437"
09061690__,"18,143"
10000619__,"12,608"
18000614__,"36,486"
10211010__,667
12000685__,"5,436"
03221252__,"19,309"
09061682__,"2,816"
04000612S_,"5,085"
01181080__,863
17081252__,"12,204"
06141024__,"6,685"
21141004__,773
02521112__,"7,218"
15321048__,393
00000581__,"18,054"
07141820__,"42,237"
14281037__,"3,744"
07000634__,"28,715"
06000720__,"3,217"
11031810__,"3,959"
03201270__,"11,396"
12111062__,"1,830"
03000612__,"107,456"
17000653__,"3,239"
04000678__,"61,825"
11031974__,729
11031988__,"23,026"
01000637__,607
14361291__,
21000611__,"6,197"
07000633__,"8,413"
09061720__,0
20000621__,"23,385"
02000049__,"121,380"
07000653__,"9,802"
11041058__,"8,624"
19151088__,"8,301"
04181082__,"1,833"
16151181__,"7,246"
04000616__,"60,243"
02000S94__,"8,690"
03000662__,"15,152"
03000640__,"2,683"
09101265__,"10,795"
11111545__,"5,429"
06000646__,"2,608"
00000700_S,0
21081018__,"4,032"
13181306__,"30,600"
05051211__,685
21191190__,"62,634"
06000634__,"35,220"
06000642__,"1,470"
00000208__,"983,322"
18000604__,"3,861"
20000627__,"9,331"
17021017__,253
00000181Z_,"25,429"
14191045__,"60,701"
21231035__,479
04361180__,"1,109"
01081359__,"7,972"
10000620__,"17,154"
12171248__,"10,628"
18000635__,"9,528"
01021135__,"1,122"
16000670__,"16,261"
01211059__,"1,752"
18011006__,428
19000643__,0
07131262__,"1,066"
19091008__,171
13211068__,"1,561"
03241031__,"8,963"
00000157__,"9,195"
10000631__,"2,172"
21191104__,"2,004"
04091963__,"8,066"
08000648__,"9,308"
01021130__,"5,581"
15000633__,"34,352"
00000064__,"44,234"
08021034__,"7,060"
04000726__,"2,104"
08000626__,773
04041154__,"1,156"
20000625__,"14,489"
13312097__,
17071012__,165
02000S81__,"46,681"
19000611__,"8,903"
14291577__,"5,337"
02031231__,512
07171203__,"55,414"
10211184__,179
06101005__,"15,425"
21191207__,"1,981"
13051010__,473
05000653__,"4,936"
21151087__,"13,500"
02000S31__,"3,504"
19151040__,"2,651"
06011165__,806
07000602__,"60,191"
12151158__,"10,287"
01111139__,"69,488"
03391041__,202
19000635__,"1,265"
08181318__,"4,927"
14000617__,"50,997"
14381084__,"1,802"
18000655__,"17,959"
03071018__,377
12051118__,472
01191215__,"44,158"
11000609__,"5,110"
15070006__,"21,680"
17091031__,"1,613"
20000603__,"9,538"
07000632__,"4,003"
04201003__,326
08000680__,"8,173"
08000609__,"16,102"
05000656__,"37,017"
01031040__,233
04000699__,"7,055"
14171033__,"4,734"
07141865__,"120,101"
20000642__,"2,013"
04061111__,300
07000627__,"4,961"
04000644__,"101,444"
20171055__,361
08000658__,"22,338"
21000659__,"2,404"
15050004__,"8,191"
00000095W_,
01171047__,559
05000609__,"18,897"
03121087__,"8,078"
15000630__,"43,115"
05081277__,"20,786"
17000611__,"15,634"
20000634__,"14,745"
02031254__,970
02000108__,"4,554"
08000641__,"69,224"
12081025__,236
090006772_,"41,942"
14201076__,"1,789"
00000166Z_,"45,460"
16000616__,"13,012"
13511021__,"3,780"
00000530__,"882,900"
07000677__,"5,821"
18000677__,"8,100"
00000531__,"214,827"
17121100__,42
04000635__,"26,183"
15000606__,811
01151099__,0
18000605__,"6,861"
00000559A_,"248,086"
19131020__,"2,050"
12041172__,"5,112"
02471170__,"1,870"
04000613__,"6,071"
07000613__,"101,215"
11000627__,"15,622"
21051011__,606
19000642__,"2,073"
03081125__,"3,606"
01000670__,"13,344"
07000647__,"9,665"
02331072__,836
02631129__,"2,489"
00000147__,"91,924"
07071172__,"8,197"
02000S55__,"11,008"
21201012__,85
21031050__,183
00000007__,"274,092"
00000563__,"622,184"
09000678__,"86,971"
040006122_,"18,029"
10081032__,691
21151014__,0
19000630__,"8,504"
00000506__,"367,144"
11061399__,"9,181"
11000615__,"43,647"
04000648__,"4,281"
07000611__,"40,106"
20041388__,"6,618"
07000614__,"7,477"
09061417__,0
06011182__,"5,431"
15000625__,"9,540"
19000645__,939
02000098__,"4,191"
16131092__,273
01000680__,"7,685"
14351013__,"4,743"
07141235__,"12,575"
120006251_,"4,274"
00000552__,"470,539"
01181142__,"6,701"
11011030__,980
09091109__,"5,870"
17131035__,"1,754"
21051005__,655
14321295__,"9,527"
13000008__,"54,460"
04071005__,"6,365"
11031973__,"1,352"
02701053__,"21,443"
11111557__,"3,273"
01000612__,"1,650"
00000516__,"361,170"
01081364__,"8,369"
00000527A_,"18,476"
17011001__,27
02221153__,"1,623"
08000603__,"62,683"
13000052__,"162,277"
130000061_,"19,884"
01000651__,"168,521"
03000606__,"20,321"
08181410__,221
12000605__,"17,044"
130000071_,"50,521"
00000088Z_,"55,667"
04151851__,"22,039"
21031031__,616
10211012__,"2,938"
15000627__,"38,714"
020000931_,"18,302"
16000639__,"29,514"
12091390__,"2,988"
200413893_,"47,366"
08231036__,593
01031057__,300
04000674__,"53,571"
02000087__,"88,471"
01011002__,233
01000620__,"29,450"
00000038__,"1,646,647"
08000662__,"27,344"
13000033__,"18,807"
05021044__,"1,769"
18131011__,"1,562"
00000166__,"158,097"
03000659__,"3,256"
04231018__,448
04000622__,"10,296"
05000644__,"8,191"
20000624__,"900,851"
18081646__,"6,206"
01000623__,"14,074"
120006021_,"68,638"
00000521__,"126,726"
08000606__,"2,972"
11011113__,676
08000652__,"21,070"
01191093__,"2,315"
10000650__,"35,359"
06141235__,"3,326"
21151013__,366
07141895__,"27,713"
16000606__,"7,553"
09061709__,"42,831"
120006651_,"99,969"
11142161__,"1,938"
02361155__,981
00000162__,"22,123"
05071006__,404
16000668__,"5,240"
03000660__,"33,854"
03201002__,"1,664"
14000642__,"21,666"
02000026__,"7,446"
00000077__,"488,313"
01191214__,"16,402"
10000611__,"17,251"
14251041__,196
07000670__,"15,265"
11000672__,"39,455"
02581130__,"5,925"
04151010__,"4,277"
14171001__,"10,760"
00000033__,"1,995,561"
08000644__,"74,211"
20171010__,104
07141814__,"86,928"
11032003__,"17,385"
19000623__,"7,059"
02000096__,"142,347"
13000006A1,"19,932"
04000691__,"46,595"
15181001__,"3,239"
00000509__,"375,850"
13000032__,"9,443"
18201024__,"3,088"
04000626__,"32,429"
00000076__,"697,971"
12151050__,"3,909"
020000402_,"13,521"
02661017__,"1,509"
00000533S_,"20,906"
20171061__,"2,196"
12211681__,"9,499"
17071057__,442
19141044__,54
02000038__,"32,097"
08000705__,"23,301"
20201332__,"23,139"
08151042__,861
130000041_,"18,916"
13371368__,"52,646"
11111546__,"15,277"
11011051__,"13,885"
21191127__,"1,677"
21211101__,"20,477"
160006641_,"9,855"
120006594_,0
04091977__,"5,337"
08231017__,"8,778"
10211080__,950
11011024__,"1,702"
15120010__,"27,236"
17051024__,298
01000627__,"10,524"
08000668__,988
19031006__,"2,790"
130000072_,"8,060"
16141714__,436
13301245__,"9,941"
21081051__,"20,423"
00000512__,"187,260"
160006511_,"7,773"
12000650__,"69,380"
15101033__,"3,247"
01000606__,"19,105"
11081013__,"6,882"
21031035__,379
02000S73__,"6,018"
04031018__,"1,134"
11000635__,"29,231"
03291289__,140
04000659__,"36,178"
19121103__,"3,575"
09011054__,"2,645"
01000690__,"23,127"
20171012__,210
13281180__,"1,052"
00000044__,"234,497"
21201051__,"1,804"
04311080__,599
12000613__,"96,590"
17000677__,527
01000724__,"14,661"
01211146__,"1,423"
18141126__,"3,841"
12000601__,"28,481"
09000683__,"5,371"
04000732__,"2,770"
02000S93__,"11,556"
18000620__,"48,088"
14000646__,"59,198"
04000636__,"201,563"
15230004__,"1,069"
20121331__,"23,005"
07141867__,"58,342"
21211033__,"1,756"
020001101_,"27,397"
11041023__,409
00000553A_,"101,901"
19000622__,"33,769"
13182107__,"6,881"
16000642__,"11,433"
07000661__,"2,864"
13261114__,"4,660"
01191208__,"116,305"
05051030__,491
19000669__,"23,598"
00000054__,"326,465"
03041003__,"2,592"
12171871__,"18,144"
01221310__,"1,971"
02000123__,"6,516"
02000S68__,"5,264"
06141302__,"7,054"
07071141__,"4,433"
19000614__,"6,169"
01031008__,0
11041039__,"1,282"
00000508__,"1,040,050"
00000577_,
21191211__,"29,090"
12000610__,"21,394"
19000655__,"9,468"
02000116__,"6,465"
05000640__,"1,794"
08000640__,"42,921"
19000675__,525
13261193__,952
06000747__,"9,676"
06000630__,"4,511"
04000679__,"5,054"
11011197__,699
12000604__,"263,099"
13321038__,"1,368"
18000618__,"9,861"
12181007__,"29,069"
06000619__,"34,914"
01021392__,"5,181"
02161049__,"1,441"
17000629__,"2,785"
10081033__,850
13321017__,"6,678"
12251948__,"4,176"
13441008__,714
01151100__,"177,625"
01181060__,480
21000639__,"15,586"
08111023__,"1,551"
14000619__,"42,922"
18031157__,"3,761"
21191087__,"1,280"
11142240__,"2,816"
15000601__,"10,733"
11121022__,"7,619"
17000626__,"12,711"
13311453__,138
20000630__,"110,696"
21191205__,"1,255"
08000631__,"2,708"
19000629__,"2,728"
03101156__,"7,973"
07000615__,"8,737"
07141900__,"25,225"
16000640__,"71,618"
00000052__,"182,870"
00000515__,"35,354"
05031016__,513
01021052__,942
11000652__,"22,934"
02231212__,0
11081029__,"19,487"
08000624__,"30,263"
11000624__,"14,382"
14000604__,"7,613"
17000641__,"6,613"
19211008__,591
17121050__,"2,669"
12051416__,"1,667"
00000001B_,"137,595"
19031025__,339
020000562_,
10000635__,"14,677"
15241818__,"1,540"
01021085__,"13,915"
18081652__,"10,043"
20000613__,"116,311"
02000130__,"15,751"
13341417__,"24,915"
00000507__,"394,889"
07000636__,"36,576"
03021008__,"2,821"
130000111_,"23,184"
01141145__,"1,886"
20000655__,"53,445"
10231009__,45
122110882_,"6,633"
01000649__,299
04161152__,"3,607"
07000619__,"23,279"
07000626__,"8,606"
00000035Z_,"143,908"
00000569__,"170,589"
15000623__,"104,671"
07000659__,"14,016"
00000172__,"14,469"
07000662__,"7,561"
14000625__,"14,599"
21031004__,"1,171"
020001242_,"37,762"
20181254__,"12,658"
00000023__,"2,165,133"
02501038__,"2,032"
04071017__,500
00000278__,"55,518"
12000654__,"1,949"
00000040__,"1,842,584"
20000601__,"17,390"
21000629__,"8,863"
11131421__,"3,535"
06011181__,"9,423"
21021001__,"1,236"
11011005__,"11,486"
04371015__,0
01211015__,440
16000657__,"8,928"
10000617__,"11,273"
17081254__,"2,902"
14000665__,"13,805"
04000606__,"9,287"
09000681__,"251,297"
11000622__,"269,224"
17000625__,"9,351"
05021053__,504
00000013__,"39,120"
04000631__,"6,328"
01000688__,"5,901"
19211002__,58
03000610__,"9,058"
15291012__,"1,223"
08000645__,"3,382"
00000520__,"294,664"
13000047__,"12,918"
17000645__,"1,243"
16000617__,"3,928"
19071008__,81
12000691__,"32,611"
11121030__,"4,166"
08000643__,"45,400"
21000643__,"8,323"
01000650__,718
05000606__,"94,926"
18000639__,"48,145"
20000644__,"4,459"
